{
  "slug": "Core",
  "name": "VCV Core",
  "version": "2.3.0",
  "license": "GPL-3.0-or-later",
  "author": "VCV",
  "brand": "VCV",
  "authorEmail": "support@vcvrack.com",
  "authorUrl": "https://vcvrack.com/",
  "manualUrl": "https://vcvrack.com/manual/Core",
  "sourceUrl": "https://github.com/VCVRack/Rack",
  "changelogUrl": "https://github.com/VCVRack/Rack/blob/v2/CHANGELOG.md",
  "description": "Necessary modules built into VCV Rack",
  "modules": [
    {
      "slug": "AudioInterface2",
      "name": "Audio 2",
      "description": "Sends audio and CV to/from an audio device",
      "manualUrl": "https://vcvrack.com/manual/Core#Audio",
      "tags": [
        "External"
      ]
    },
    {
      "slug": "AudioInterface",
      "name": "Audio 8",
      "description": "Sends audio and CV to/from an audio device",
      "manualUrl": "https://vcvrack.com/manual/Core#Audio",
      "tags": [
        "External"
      ]
    },
    {
      "slug": "AudioInterface16",
      "name": "Audio 16",
      "description": "Sends audio and CV to/from an audio device",
      "manualUrl": "https://vcvrack.com/manual/Core#Audio",
      "tags": [
        "External"
      ]
    },
    {
      "slug": "MIDIToCVInterface",
      "name": "MIDI to CV",
      "description": "Converts MIDI from an external device to CV and gates",
      "manualUrl": "https://vcvrack.com/manual/Core#MIDI-CV",
      "tags": [
        "External",
        "MIDI",
        "Polyphonic"
      ]
    },
    {
      "slug": "MIDICCToCVInterface",
      "name": "MIDI CC to CV",
      "description": "Converts MIDI CC from an external device to CV",
      "manualUrl": "https://vcvrack.com/manual/Core#MIDI-CC",
      "tags": [
        "External",
        "MIDI"
      ]
    },
    {
      "slug": "MIDITriggerToCVInterface",
      "name": "MIDI to Gate",
      "description": "Converts MIDI notes from an external device to gates",
      "manualUrl": "https://vcvrack.com/manual/Core#MIDI-Gate",
      "tags": [
        "External",
        "MIDI"
      ]
    },
    {
      "slug": "MIDI-Map",
      "name": "MIDI Map",
      "description": "Controls parameters (knobs, sliders, switches) directly with MIDI CC",
      "manualUrl": "https://vcvrack.com/manual/Core#MIDI-Map",
      "tags": [
        "External",
        "MIDI"
      ]
    },
    {
      "slug": "CV-MIDI",
      "name": "CV to MIDI",
      "description": "Converts CV to MIDI and sends to an external device",
      "manualUrl": "https://vcvrack.com/manual/Core#CV-MIDI",
      "tags": [
        "External",
        "MIDI",
        "Polyphonic"
      ]
    },
    {
      "slug": "CV-CC",
      "name": "CV to MIDI CC",
      "description": "Converts CV to MIDI CC and sends to an external device",
      "manualUrl": "https://vcvrack.com/manual/Core#CV-CC",
      "tags": [
        "External",
        "MIDI"
      ]
    },
    {
      "slug": "CV-Gate",
      "name": "Gate to MIDI",
      "description": "Converts gates to MIDI notes and sends to an external device",
      "manualUrl": "https://vcvrack.com/manual/Core#CV-Gate",
      "tags": [
        "External",
        "MIDI"
      ]
    },
    {
      "slug": "Blank",
      "name": "Blank",
      "description": "A resizable blank panel",
      "manualUrl": "https://vcvrack.com/manual/Core#Blank",
      "tags": [
        "Blank"
      ]
    },
    {
      "slug": "Notes",
      "name": "Notes",
      "description": "Write text for patch notes or artist attribution",
      "manualUrl": "https://vcvrack.com/manual/Core#Notes",
      "tags": [
        "Blank"
      ]
    }
  ]
}